model,accuracy,macro_f1,weighted_f1
efficientnetb0,0.9609929078014184,0.9456020828105401,0.9610302074658735
mobilenetv2,0.9464861379754996,0.922481838611558,0.9466364696900195
